INSERT INTO Address (Id, Street, City, State, ZipCode) VALUES
(1, '123 Main St', 'Springfield', 'IL', '62701'),
(2, '456 Elm St', 'Shelbyville', 'IL', '62565'),
(3, '789 Oak St', 'Capital City', 'IL', '62702'),
(4, '101 Maple St', 'Ogdenville', 'IL', '62563'),
(5, '202 Pine St', 'North Haverbrook', 'IL', '62564'),
(6, '303 Birch St', 'Springfield', 'IL', '62703'),
(7, '404 Cedar St', 'Shelbyville', 'IL', '62566'),
(8, '505 Walnut St', 'Capital City', 'IL', '62704'),
(9, '606 Chestnut St', 'Ogdenville', 'IL', '62567'),
(10, '707 Ash St', 'North Haverbrook', 'IL', '62568'),
(11, '808 Fir St', 'Springfield', 'IL', '62705'),
(12, '909 Spruce St', 'Shelbyville', 'IL', '62569'),
(13, '111 Willow St', 'Capital City', 'IL', '62706'),
(14, '222 Poplar St', 'Ogdenville', 'IL', '62570'),
(15, '333 Cypress St', 'North Haverbrook', 'IL', '62571'),
(16, '444 Magnolia St', 'Springfield', 'IL', '62707'),
(17, '555 Dogwood St', 'Shelbyville', 'IL', '62572'),
(18, '666 Palm St', 'Capital City', 'IL', '62708'),
(19, '777 Redwood St', 'Ogdenville', 'IL', '62573'),
(20, '888 Sequoia St', 'North Haverbrook', 'IL', '62574'),
(21, '999 Yew St', 'Springfield', 'IL', '62709'),
(22, '121 Juniper St', 'Shelbyville', 'IL', '62575'),
(23, '131 Larch St', 'Capital City', 'IL', '62710'),
(24, '141 Alder St', 'Ogdenville', 'IL', '62576'),
(25, '151 Beech St', 'North Haverbrook', 'IL', '62577'),
(26, '161 Chestnut St', 'Springfield', 'IL', '62711');

INSERT INTO Customer (PersonId, BirthDate) VALUES
(1, '1980-01-15'),
(2, '1990-06-30'),
(3, '1975-03-22'),
(4, '1985-11-05'),
(5, '1992-07-19'),
(6, '1988-12-12'),
(7, '1995-04-25'),
(8, '1983-09-09'),
(9, '1978-02-14'),
(10, '1991-08-08');

INSERT INTO CustomerOrder (CustomerId, OrderId) VALUES
(1, 1),
(2, 2),
(10, 16),
(3, 3),
(4, 5),
(2, 3),
(5, 4),
(6, 6),
(7, 7),
(8, 8),
(9, 9),
(10, 10),
(1, 11),
(2, 12),
(3, 13),
(4, 14),
(5, 15),
(6, 16);

INSERT INTO Employee (PersonId, StartDate, Salary, FranchiseId) VALUES
(11, '2020-01-15', 15.00, 1),
(12, '2019-03-22', 15.50, 2),
(13, '2021-06-10', 16.00, 3),
(14, '2018-11-05', 15.25, 4),
(15, '2022-07-19', 16.50, 5),
(16, '2017-12-12', 15.75, 6),
(17, '2023-04-25', 17.00, 1),
(18, '2016-09-09', 15.10, 2),
(19, '2020-02-14', 15.60, 3),
(20, '2019-08-08', 15.80, 4),
(21, '2021-05-30', 16.20, 5),
(22, '2018-10-12', 15.90, 6),
(23, '2022-03-18', 16.30, 1),
(24, '2017-07-22', 15.40, 2),
(25, '2023-01-11', 17.10, 3),
(26, '2016-04-14', 15.20, 4);

INSERT INTO Orders (Id, Date, Cost, WaitTime, FranchiseId) VALUES
(1, '2023-10-01', 25.50, 15, 1),
(2, '2023-10-02', 30.00, 20, 2),
(3, '2023-10-03', 22.75, 10, 3),
(4, '2023-10-04', 18.40, 12, 4),
(5, '2023-10-05', 27.80, 18, 5),
(6, '2023-10-06', 35.60, 25, 6),
(7, '2023-10-07', 40.00, 30, 1),
(8, '2023-10-08', 15.20, 8, 2),
(9, '2023-10-09', 28.90, 22, 3),
(10, '2023-10-10', 33.30, 27, 4),
(11, '2023-10-11', 21.50, 14, 5),
(12, '2023-10-12', 19.75, 11, 6),
(13, '2023-10-13', 24.60, 16, 1),
(14, '2023-10-14', 29.40, 19, 2),
(15, '2023-10-15', 31.80, 23, 3),
(16, '2023-10-16', 26.70, 17, 4);

INSERT INTO OrderItem (Id, OrderId, MenuItemId, Quantity) VALUES
(1, 1, 1, 2),
(2, 1, 7, 1),
(3, 1, 10, 1),
(4, 2, 2, 1),
(5, 2, 5, 1),
(6, 2, 8, 1),
(7, 2, 11, 1),
(8, 3, 3, 2),
(9, 3, 7, 1),
(10, 3, 10, 1),
(11, 4, 4, 1),
(12, 4, 9, 1),
(13, 4, 12, 1),
(14, 5, 1, 1),
(15, 5, 15, 1),
(16, 6, 6, 1),
(17, 6, 8, 1),
(18, 6, 11, 1),
(19, 7, 2, 1),
(20, 7, 7, 1),
(21, 7, 10, 1),
(22, 8, 5, 1),
(23, 8, 9, 1),
(24, 8, 12, 1),
(25, 9, 3, 1),
(26, 9, 15, 1),
(27, 10, 4, 1),
(28, 10, 8, 1),
(29, 10, 11, 1),
(30, 11, 1, 1),
(31, 11, 6, 1),
(32, 11, 10, 1),
(33, 12, 2, 1),
(34, 12, 7, 1),
(35, 12, 13, 1),
(36, 13, 5, 1),
(37, 13, 9, 1),
(38, 13, 14, 1),
(39, 14, 3, 1),
(40, 14, 8, 1),
(41, 14, 12, 1),
(42, 15, 4, 1),
(43, 15, 11, 1),
(44, 15, 15, 1),
(45, 16, 1, 1),
(46, 16, 6, 1),
(47, 16, 13, 1);

INSERT INTO FoodStock (Id, FranchiseId, MenuItemId, Amount) VALUES
(1, 1, 1, 100),
(2, 1, 2, 150),
(3, 1, 3, 200),
(4, 1, 4, 120),
(5, 1, 5, 180),
(6, 1, 6, 90),
(7, 1, 7, 300),
(8, 1, 8, 250),
(9, 1, 9, 220),
(10, 1, 10, 400),
(11, 1, 11, 350),
(12, 1, 12, 280),
(13, 1, 13, 160),
(14, 1, 14, 140),
(15, 1, 15, 500),
(16, 2, 1, 110),
(17, 2, 2, 130),
(18, 2, 3, 210),
(19, 2, 4, 115),
(20, 2, 5, 175),
(21, 2, 6, 95),
(22, 2, 7, 290),
(23, 2, 8, 260),
(24, 2, 9, 230),
(25, 2, 10, 410),
(26, 2, 11, 340),
(27, 2, 12, 270),
(28, 2, 13, 170),
(29, 2, 14, 135),
(30, 2, 15, 480),
(31, 3, 1, 120),
(32, 3, 2, 140),
(33, 3, 3, 220),
(34, 3, 4, 125),
(35, 3, 5, 185),
(36, 3, 6, 100),
(37, 3, 7, 310),
(38, 3, 8, 240),
(39, 3, 9, 225),
(40, 3, 10, 420),
(41, 3, 11, 330),
(42, 3, 12, 260),
(43, 3, 13, 180),
(44, 3, 14, 145),
(45, 3, 15, 490),
(46, 4, 1, 130),
(47, 4, 2, 135),
(48, 4, 3, 230),
(49, 4, 4, 130),
(50, 4, 5, 190),
(51, 4, 6, 105),
(52, 4, 7, 320),
(53, 4, 8, 255),
(54, 4, 9, 240),
(55, 4, 10, 430),
(56, 4, 11, 320),
(57, 4, 12, 290),
(58, 4, 13, 190),
(59, 4, 14, 150),
(60, 4, 15, 510),
(61, 5, 1, 140),
(62, 5, 2, 145),
(63, 5, 3, 240),
(64, 5, 4, 135),
(65, 5, 5, 195),
(66, 5, 6, 110),
(67, 5, 7, 330),
(68, 5, 8, 270),
(69, 5, 9, 250),
(70, 5, 10, 440),
(71, 5, 11, 310),
(72, 5, 12, 300),
(73, 5, 13, 200),
(74, 5, 14, 155),
(75, 5, 15, 520),
(76, 6, 1, 150),
(77, 6, 2, 150),
(78, 6, 3, 250),
(79, 6, 4, 140),
(80, 6, 5, 200),
(81, 6, 6, 115),
(82, 6, 7, 340),
(83, 6, 8, 280),
(84, 6, 9, 260),
(85, 6, 10, 450),
(86, 6, 11, 300),
(87, 6, 12, 310),
(88, 6, 13, 210),
(89, 6, 14, 160),
(90, 6, 15, 530);

INSERT INTO Franchise (Id, AddressId, NumEmployees, OpeningDate) VALUES
(1, 26, 3, '2010-05-15'),
(2, 25, 30, '2012-08-22'),
(3, 24, 20, '2015-11-10'),
(4, 23, 15, '2018-03-05'),
(5, 22, 40, '2008-07-19'),
(6, 21, 900, '2011-12-01');

INSERT INTO MenuItem (Id, Name, Price) VALUES
(1, 'Big Mac', 5.99),
(2, 'Quarter Pounder with Cheese', 6.49),
(3, 'McChicken', 4.29),
(4, 'Filet-O-Fish', 4.79),
(5, 'McNuggets (10 pcs)', 4.99),
(6, 'McNuggets (20 pcs)', 7.99),
(7, 'French Fries (Small)', 1.99),
(8, 'French Fries (Medium)', 2.49),
(9, 'French Fries (Large)', 2.99),
(10, 'Soft Drink (Small)', 1.49),
(11, 'Soft Drink (Medium)', 1.99),
(12, 'Soft Drink (Large)', 2.49),
(13, 'McFlurry with Oreo', 2.99),
(14, 'McFlurry with M&M''s', 2.99),
(15, 'Apple Pie', 1.29);

INSERT INTO Person (PersonId, FirstName, LastName, AddressId) VALUES
(1, 'John', 'Doe', 1),
(2, 'Jane', 'Smith', 3),
(3, 'WhoMade', 'ThisChicken', 2),
(4, 'Alice', 'Johnson', 5),
(5, 'Bob', 'Brown', 4),
(6, 'Charlie', 'Davis', 6),
(7, 'Eve', 'Wilson', 8),
(8, 'Billy', 'John', 7),
(9, 'Mallory', 'Taylor', 10),
(10, 'Trent', 'Anderson', 9),
(11, 'Peggy', 'Thomas', 12),
(12, 'Victor', 'Jackson', 11),
(13, 'Walter', 'White', 14),
(14, 'Saul', 'Goodman', 13),
(15, 'Gustavo', 'Fring', 16),
(16, 'Hank', 'Schrader', 15),
(17, 'Jimbo', 'Jones', 18),
(18, 'Ned', 'Flanders', 17),
(19, 'Lisa', 'Simpson', 20),
(20, 'Bart', 'Simpson', 19),
(21, 'Marge', 'Simpson', 1),
(22, 'Maggie', 'Simpson', 1),
(23, 'Homer', 'Simpson', 1),
(24, 'Abraham', 'Simpson', 1),
(25, 'Moe', 'Szyslak', 21),
(26, 'Barney', 'Gumble', 22),
(27, 'Lenny', 'Leonard', 23),
(28, 'Carl', 'Carlson', 24),
(29, 'Apu', 'Nahasapeemapetilon', 25),
(30, 'Chief', 'Wiggum', 26),
(31, 'Milhouse', 'VanHouten', 23),
(32, 'Nelson', 'Muntz', 22),
(33, 'Ralph', 'Wiggum', 25);


